Text,Date,Time,Draft,Facebook,Twitter/X,LinkedIn,GBP,Instagram,Pinterest,TikTok,Youtube,Threads,Bluesky,Picture Url 1,Picture Url 2,Picture Url 3,Picture Url 4,Picture Url 5,Picture Url 6,Picture Url 7,Picture Url 8,Picture Url 9,Picture Url 10,Alt text picture 1,Alt text picture 2,Alt text picture 3,Alt text picture 4,Alt text picture 5,Alt text picture 6,Alt text picture 7,Alt text picture 8,Alt text picture 9,Alt text picture 10,Document title,Shortener,Video Thumbnail Url,Video Cover Frame,Twitter/X Can reply,Twitter/X Type,Twitter/X Poll Duration minutes,Twitter/X Poll Option 1,Twitter/X Poll Option 2,Twitter/X Poll Option 3,Twitter/X Poll Option 4,Pinterest Board,Pinterest Pin Title,Pinterest Pin Link,Pinterest Pin New Format,Instagram Post Type,Instagram Show Reel On Feed,Instagram Trial Reel Share Automatically,Youtube Video Title,Youtube Video Type,Youtube Video Privacy,Youtube video for kids,Youtube AI generated content,Youtube notify subscribers,Youtube Video Category,Youtube Video Tags,Youtube playlist,GBP Post Type,Facebook Post Type,Facebook Title,First Comment Text,TikTok Title,TikTok disable comments,TikTok disable duet,TikTok disable stitch,TikTok Post Privacy,TikTok Branded Content,TikTok Your Brand,TikTok Auto Add Music,TikTok Photo Cover Index,TikTok musicId,TikTok music title,TikTok music author,TikTok music previewUrl,TikTok music thumbnailUrl,TikTok music soundVolume,TikTok music originalVolume,TikTok music startMillis,TikTok music endMillis,TikTok is AI generated content,LinkedIn Type,LinkedIn Poll Question,LinkedIn Poll Option 1,LinkedIn Poll Option 2,LinkedIn Poll Option 3,LinkedIn Poll Option 4,LinkedIn Poll Duration,LinkedIn Show link preview,LinkedIn Images as Carousel,Threads Reply Control,Threads Is Spoiler,Threads Post Type
Social algorithms constantly change. Stay ahead with us! https://lanternsocial.co.uk,2026-09-28,09:00:00,FALSE,TRUE,FALSE,TRUE,FALSE,TRUE,FALSE,FALSE,FALSE,FALSE,FALSE,https://drive.google.com/file/d/1rwszW1WmMiXtD-prKguvPJXWHEDN7iqi/view?usp=sharing,,,,,,,,,,Lantern Social advert: strategy social media marketing for small businesses,,,,,,,,,,,,,,,,,,,,,,,,,POST,,,,,,,,,,,,,POST,,,,,,,,,,,,,,,,,,,,,,,,,,,,,,,,,
"Transform quiet feeds into vibrant, active communities: https://lanternsocial.co.uk",2026-09-28,13:00:00,FALSE,TRUE,FALSE,TRUE,FALSE,TRUE,FALSE,FALSE,FALSE,FALSE,FALSE,https://drive.google.com/file/d/1LMlB9gkCWsUtmRVP0-YlTlvhmiMY7Cxf/view?usp=sharing,,,,,,,,,,Lantern Social advert: engagement social media marketing for small businesses,,,,,,,,,,,,,,,,,,,,,,,,,POST,,,,,,,,,,,,,POST,,,,,,,,,,,,,,,,,,,,,,,,,,,,,,,,,
Want more sales from social media? Strategy comes before content: https://lanternsocial.co.uk,2026-09-29,09:00:00,FALSE,TRUE,FALSE,TRUE,FALSE,TRUE,FALSE,FALSE,FALSE,FALSE,FALSE,https://drive.google.com/file/d/1il8bSClELGOQvRQQ9Yen8-Y2aYPno6BC/view?usp=sharing,,,,,,,,,,Lantern Social advert: strategy social media marketing for small businesses,,,,,,,,,,,,,,,,,,,,,,,,,POST,,,,,,,,,,,,,POST,,,,,,,,,,,,,,,,,,,,,,,,,,,,,,,,,
Build authority and rapport with every single post: https://lanternsocial.co.uk,2026-09-29,13:00:00,FALSE,TRUE,FALSE,TRUE,FALSE,TRUE,FALSE,FALSE,FALSE,FALSE,FALSE,https://drive.google.com/file/d/1NljgAFOxQu1Xn8pcswQwUJsJVi6oLXhJ/view?usp=sharing,,,,,,,,,,Lantern Social advert: engagement social media marketing for small businesses,,,,,,,,,,,,,,,,,,,,,,,,,POST,,,,,,,,,,,,,POST,,,,,,,,,,,,,,,,,,,,,,,,,,,,,,,,,
High-impact social media strategies that grow revenue: https://lanternsocial.co.uk,2026-09-30,09:00:00,FALSE,TRUE,FALSE,TRUE,FALSE,TRUE,FALSE,FALSE,FALSE,FALSE,FALSE,https://drive.google.com/file/d/18h9Py7RRpWO3M6Jgxs8wb55WWnlPnDaG/view?usp=sharing,,,,,,,,,,Lantern Social advert: growth social media marketing for small businesses,,,,,,,,,,,,,,,,,,,,,,,,,POST,,,,,,,,,,,,,POST,,,,,,,,,,,,,,,,,,,,,,,,,,,,,,,,,
Tired of burning out over content creation? Hand it over: https://lanternsocial.co.uk,2026-09-30,13:00:00,FALSE,TRUE,FALSE,TRUE,FALSE,TRUE,FALSE,FALSE,FALSE,FALSE,FALSE,https://drive.google.com/file/d/1PjewGTrh3353V0nfRyvsMc9M-svRU88b/view?usp=sharing,,,,,,,,,,Lantern Social advert: outsourcing social media marketing for small businesses,,,,,,,,,,,,,,,,,,,,,,,,,POST,,,,,,,,,,,,,POST,,,,,,,,,,,,,,,,,,,,,,,,,,,,,,,,,
How healthy is your brand engagement? Find out at https://lanternsocial.co.uk,2026-10-01,09:00:00,FALSE,TRUE,FALSE,TRUE,FALSE,TRUE,FALSE,FALSE,FALSE,FALSE,FALSE,https://drive.google.com/file/d/1MSEhP4bIO7TNA6iaYj5loEfMVh91maUa/view?usp=sharing,,,,,,,,,,Lantern Social advert: engagement social media marketing for small businesses,,,,,,,,,,,,,,,,,,,,,,,,,POST,,,,,,,,,,,,,POST,,,,,,,,,,,,,,,,,,,,,,,,,,,,,,,,,
Custom graphics designed to match your brand style perfectly: https://lanternsocial.co.uk,2026-10-01,13:00:00,FALSE,TRUE,FALSE,TRUE,FALSE,TRUE,FALSE,FALSE,FALSE,FALSE,FALSE,https://drive.google.com/file/d/1JDJbU9mIGkMnCCx7ZADeMJwr1RfDQh6N/view?usp=sharing,,,,,,,,,,Lantern Social advert: content social media marketing for small businesses,,,,,,,,,,,,,,,,,,,,,,,,,POST,,,,,,,,,,,,,POST,,,,,,,,,,,,,,,,,,,,,,,,,,,,,,,,,
Why hire an in-house marketer when you can outsource? https://lanternsocial.co.uk,2026-10-02,09:00:00,FALSE,TRUE,FALSE,TRUE,FALSE,TRUE,FALSE,FALSE,FALSE,FALSE,FALSE,https://drive.google.com/file/d/1lRFJM_FwYZ26xFGAFD752TdwU8WXICqP/view?usp=sharing,,,,,,,,,,Lantern Social advert: outsourcing social media marketing for small businesses,,,,,,,,,,,,,,,,,,,,,,,,,POST,,,,,,,,,,,,,POST,,,,,,,,,,,,,,,,,,,,,,,,,,,,,,,,,
"Short on video ideas? We plan, script, and produce content: https://lanternsocial.co.uk",2026-10-02,13:00:00,FALSE,TRUE,FALSE,TRUE,FALSE,TRUE,FALSE,FALSE,FALSE,FALSE,FALSE,https://drive.google.com/file/d/1Q_VDmLiOczXHMvn9GXtAWwDocvTtiPY5/view?usp=sharing,,,,,,,,,,Lantern Social advert: content social media marketing for small businesses,,,,,,,,,,,,,,,,,,,,,,,,,POST,,,,,,,,,,,,,POST,,,,,,,,,,,,,,,,,,,,,,,,,,,,,,,,,
Make your brand the go-to choice in your industry: https://lanternsocial.co.uk,2026-10-03,09:00:00,FALSE,TRUE,FALSE,TRUE,FALSE,TRUE,FALSE,FALSE,FALSE,FALSE,FALSE,https://drive.google.com/file/d/14oynQ2YqmX-soMNW0FKkWqTpvIFDUOFP/view?usp=sharing,,,,,,,,,,Lantern Social advert: engagement social media marketing for small businesses,,,,,,,,,,,,,,,,,,,,,,,,,POST,,,,,,,,,,,,,POST,,,,,,,,,,,,,,,,,,,,,,,,,,,,,,,,,
Need fresh content ideas for your business? Let us handle it: https://lanternsocial.co.uk,2026-10-03,13:00:00,FALSE,TRUE,FALSE,TRUE,FALSE,TRUE,FALSE,FALSE,FALSE,FALSE,FALSE,https://drive.google.com/file/d/1aU2MkWhf_jFBoahWyMq6j83LbbDEN9fq/view?usp=sharing,,,,,,,,,,Lantern Social advert: content social media marketing for small businesses,,,,,,,,,,,,,,,,,,,,,,,,,POST,,,,,,,,,,,,,POST,,,,,,,,,,,,,,,,,,,,,,,,,,,,,,,,,
Get peace of mind knowing your social feeds are active: https://lanternsocial.co.uk,2026-10-04,09:00:00,FALSE,TRUE,FALSE,TRUE,FALSE,TRUE,FALSE,FALSE,FALSE,FALSE,FALSE,https://drive.google.com/file/d/1Mt4Dksq_S0vcBmMd5lAlAvrbTgDfLMUB/view?usp=sharing,,,,,,,,,,Lantern Social advert: outsourcing social media marketing for small businesses,,,,,,,,,,,,,,,,,,,,,,,,,POST,,,,,,,,,,,,,POST,,,,,,,,,,,,,,,,,,,,,,,,,,,,,,,,,
Results-driven social media management tailored for growth: https://lanternsocial.co.uk,2026-10-04,13:00:00,FALSE,TRUE,FALSE,TRUE,FALSE,TRUE,FALSE,FALSE,FALSE,FALSE,FALSE,https://drive.google.com/file/d/1z8hrJ68Pds7FqZ3FC92FdhI-cz6PAZX7/view?usp=sharing,,,,,,,,,,Lantern Social advert: growth social media marketing for small businesses,,,,,,,,,,,,,,,,,,,,,,,,,POST,,,,,,,,,,,,,POST,,,,,,,,,,,,,,,,,,,,,,,,,,,,,,,,,
Stop missing out on valuable digital leads every day: https://lanternsocial.co.uk,2026-10-05,09:00:00,FALSE,TRUE,FALSE,TRUE,FALSE,TRUE,FALSE,FALSE,FALSE,FALSE,FALSE,https://drive.google.com/file/d/1S1Pqu0qOcwH4MymgG6vNK69X1wUYoGB4/view?usp=sharing,,,,,,,,,,Lantern Social advert: growth social media marketing for small businesses,,,,,,,,,,,,,,,,,,,,,,,,,POST,,,,,,,,,,,,,POST,,,,,,,,,,,,,,,,,,,,,,,,,,,,,,,,,
Get full-service social management tailored to your budget: https://lanternsocial.co.uk,2026-10-05,13:00:00,FALSE,TRUE,FALSE,TRUE,FALSE,TRUE,FALSE,FALSE,FALSE,FALSE,FALSE,https://drive.google.com/file/d/1ANxIpMrVRxSC1WRpMBDsfj7Ubb2qhNnq/view?usp=sharing,,,,,,,,,,Lantern Social advert: outsourcing social media marketing for small businesses,,,,,,,,,,,,,,,,,,,,,,,,,POST,,,,,,,,,,,,,POST,,,,,,,,,,,,,,,,,,,,,,,,,,,,,,,,,
Scale your business without adding extra stress: https://lanternsocial.co.uk,2026-10-06,09:00:00,FALSE,TRUE,FALSE,TRUE,FALSE,TRUE,FALSE,FALSE,FALSE,FALSE,FALSE,https://drive.google.com/file/d/1dGnlMkTjNb2KkzymUXRxspRW1WFwGfh8/view?usp=sharing,,,,,,,,,,Lantern Social advert: outsourcing social media marketing for small businesses,,,,,,,,,,,,,,,,,,,,,,,,,POST,,,,,,,,,,,,,POST,,,,,,,,,,,,,,,,,,,,,,,,,,,,,,,,,
Transform your online presence into a customer magnet: https://lanternsocial.co.uk,2026-10-06,13:00:00,FALSE,TRUE,FALSE,TRUE,FALSE,TRUE,FALSE,FALSE,FALSE,FALSE,FALSE,https://drive.google.com/file/d/1xc5StfKzTDkNz-QyHF4ExUtRuzdKlBiH/view?usp=sharing,,,,,,,,,,Lantern Social advert: growth social media marketing for small businesses,,,,,,,,,,,,,,,,,,,,,,,,,POST,,,,,,,,,,,,,POST,,,,,,,,,,,,,,,,,,,,,,,,,,,,,,,,,
Never run out of social media content again! https://lanternsocial.co.uk,2026-10-07,09:00:00,FALSE,TRUE,FALSE,TRUE,FALSE,TRUE,FALSE,FALSE,FALSE,FALSE,FALSE,https://drive.google.com/file/d/10qiEHNB0m-ri1g8ter66QK-Ngb6yDZ20/view?usp=sharing,,,,,,,,,,Lantern Social advert: content social media marketing for small businesses,,,,,,,,,,,,,,,,,,,,,,,,,POST,,,,,,,,,,,,,POST,,,,,,,,,,,,,,,,,,,,,,,,,,,,,,,,,
Create a clear visual identity & voice across all channels: https://lanternsocial.co.uk,2026-10-07,13:00:00,FALSE,TRUE,FALSE,TRUE,FALSE,TRUE,FALSE,FALSE,FALSE,FALSE,FALSE,https://drive.google.com/file/d/1aINrD9PNFmc7A6ON-LlzrcAZEGL5EDXw/view?usp=sharing,,,,,,,,,,Lantern Social advert: strategy social media marketing for small businesses,,,,,,,,,,,,,,,,,,,,,,,,,POST,,,,,,,,,,,,,POST,,,,,,,,,,,,,,,,,,,,,,,,,,,,,,,,,
Maximize your return on effort with professional management: https://lanternsocial.co.uk,2026-10-08,09:00:00,FALSE,TRUE,FALSE,TRUE,FALSE,TRUE,FALSE,FALSE,FALSE,FALSE,FALSE,https://drive.google.com/file/d/1SR2EIBrETFhcfvvjidSiChZT1lGA3z08/view?usp=sharing,,,,,,,,,,Lantern Social advert: growth social media marketing for small businesses,,,,,,,,,,,,,,,,,,,,,,,,,POST,,,,,,,,,,,,,POST,,,,,,,,,,,,,,,,,,,,,,,,,,,,,,,,,
"Don't just post—engage, interact, and grow your brand: https://lanternsocial.co.uk",2026-10-08,13:00:00,FALSE,TRUE,FALSE,TRUE,FALSE,TRUE,FALSE,FALSE,FALSE,FALSE,FALSE,https://drive.google.com/file/d/1Zlrg7jNz2sIiPFgvahjnXdJyvzlh6PXH/view?usp=sharing,,,,,,,,,,Lantern Social advert: engagement social media marketing for small businesses,,,,,,,,,,,,,,,,,,,,,,,,,POST,,,,,,,,,,,,,POST,,,,,,,,,,,,,,,,,,,,,,,,,,,,,,,,,
Save 15+ hours a week by letting experts manage your social: https://lanternsocial.co.uk,2026-10-09,09:00:00,FALSE,TRUE,FALSE,TRUE,FALSE,TRUE,FALSE,FALSE,FALSE,FALSE,FALSE,https://drive.google.com/file/d/1b3fh-s08R-AXVz-g3CuUVGZgfeKXzUbF/view?usp=sharing,,,,,,,,,,Lantern Social advert: outsourcing social media marketing for small businesses,,,,,,,,,,,,,,,,,,,,,,,,,POST,,,,,,,,,,,,,POST,,,,,,,,,,,,,,,,,,,,,,,,,,,,,,,,,
Don't let competitors take your audience. Upgrade your social plan: https://lanternsocial.co.uk,2026-10-09,13:00:00,FALSE,TRUE,FALSE,TRUE,FALSE,TRUE,FALSE,FALSE,FALSE,FALSE,FALSE,https://drive.google.com/file/d/1bNWkrR39npG6nQ5urgnUrZ75z5kCK_hp/view?usp=sharing,,,,,,,,,,Lantern Social advert: strategy social media marketing for small businesses,,,,,,,,,,,,,,,,,,,,,,,,,POST,,,,,,,,,,,,,POST,,,,,,,,,,,,,,,,,,,,,,,,,,,,,,,,,
Eye-catching visuals & powerful copy designed to convert! https://lanternsocial.co.uk,2026-10-10,09:00:00,FALSE,TRUE,FALSE,TRUE,FALSE,TRUE,FALSE,FALSE,FALSE,FALSE,FALSE,https://drive.google.com/file/d/1WBn8DFMtI5oFyvaw6GnZLwtxgFkj0-i-/view?usp=sharing,,,,,,,,,,Lantern Social advert: content social media marketing for small businesses,,,,,,,,,,,,,,,,,,,,,,,,,POST,,,,,,,,,,,,,POST,,,,,,,,,,,,,,,,,,,,,,,,,,,,,,,,,
Accelerate your business reach with focused social strategy: https://lanternsocial.co.uk,2026-10-10,13:00:00,FALSE,TRUE,FALSE,TRUE,FALSE,TRUE,FALSE,FALSE,FALSE,FALSE,FALSE,https://drive.google.com/file/d/1KeZHTsNz1jdjLkUqEvSGrp8Y8Y_8Zleu/view?usp=sharing,,,,,,,,,,Lantern Social advert: growth social media marketing for small businesses,,,,,,,,,,,,,,,,,,,,,,,,,POST,,,,,,,,,,,,,POST,,,,,,,,,,,,,,,,,,,,,,,,,,,,,,,,,
Convert social scrollers into high-paying clients today: https://lanternsocial.co.uk,2026-10-11,09:00:00,FALSE,TRUE,FALSE,TRUE,FALSE,TRUE,FALSE,FALSE,FALSE,FALSE,FALSE,https://drive.google.com/file/d/18kfmm-I_py2soru0eQ3OIQub-lpHbhY6/view?usp=sharing,,,,,,,,,,Lantern Social advert: growth social media marketing for small businesses,,,,,,,,,,,,,,,,,,,,,,,,,POST,,,,,,,,,,,,,POST,,,,,,,,,,,,,,,,,,,,,,,,,,,,,,,,,
Ready to dominate your niche on social media? Start your journey here: https://lanternsocial.co.uk,2026-10-11,13:00:00,FALSE,TRUE,FALSE,TRUE,FALSE,TRUE,FALSE,FALSE,FALSE,FALSE,FALSE,https://drive.google.com/file/d/1AvgOWGLed1P3yeyGjc1u7Hrinp9KCD7E/view?usp=sharing,,,,,,,,,,Lantern Social advert: strategy social media marketing for small businesses,,,,,,,,,,,,,,,,,,,,,,,,,POST,,,,,,,,,,,,,POST,,,,,,,,,,,,,,,,,,,,,,,,,,,,,,,,,
"Turn silent scrollers into paying, loyal fans today: https://lanternsocial.co.uk",2026-10-12,09:00:00,FALSE,TRUE,FALSE,TRUE,FALSE,TRUE,FALSE,FALSE,FALSE,FALSE,FALSE,https://drive.google.com/file/d/1hE_KZlTUfYvgFCy10QvHD8QPhtkmhTYQ/view?usp=sharing,,,,,,,,,,Lantern Social advert: engagement social media marketing for small businesses,,,,,,,,,,,,,,,,,,,,,,,,,POST,,,,,,,,,,,,,POST,,,,,,,,,,,,,,,,,,,,,,,,,,,,,,,,,
Scale your sales pipeline with targeted social marketing: https://lanternsocial.co.uk,2026-10-12,13:00:00,FALSE,TRUE,FALSE,TRUE,FALSE,TRUE,FALSE,FALSE,FALSE,FALSE,FALSE,https://drive.google.com/file/d/1UE0pEERa3fzZoNY0t8LggtNvEjLfq2wc/view?usp=sharing,,,,,,,,,,Lantern Social advert: growth social media marketing for small businesses,,,,,,,,,,,,,,,,,,,,,,,,,POST,,,,,,,,,,,,,POST,,,,,,,,,,,,,,,,,,,,,,,,,,,,,,,,,
Professional content creation for busy entrepreneurs: https://lanternsocial.co.uk,2026-10-13,09:00:00,FALSE,TRUE,FALSE,TRUE,FALSE,TRUE,FALSE,FALSE,FALSE,FALSE,FALSE,https://drive.google.com/file/d/1JYN5MuCuOXC2_0hCHMtYG64spocCmNwV/view?usp=sharing,,,,,,,,,,Lantern Social advert: content social media marketing for small businesses,,,,,,,,,,,,,,,,,,,,,,,,,POST,,,,,,,,,,,,,POST,,,,,,,,,,,,,,,,,,,,,,,,,,,,,,,,,
Unlock new growth opportunities for your small business: https://lanternsocial.co.uk,2026-10-13,13:00:00,FALSE,TRUE,FALSE,TRUE,FALSE,TRUE,FALSE,FALSE,FALSE,FALSE,FALSE,https://drive.google.com/file/d/1-HlX5JbE5uWPils9Ym3q2bX1T5KGi4_w/view?usp=sharing,,,,,,,,,,Lantern Social advert: growth social media marketing for small businesses,,,,,,,,,,,,,,,,,,,,,,,,,POST,,,,,,,,,,,,,POST,,,,,,,,,,,,,,,,,,,,,,,,,,,,,,,,,
Delegate your social media to trusted UK specialists: https://lanternsocial.co.uk,2026-10-14,09:00:00,FALSE,TRUE,FALSE,TRUE,FALSE,TRUE,FALSE,FALSE,FALSE,FALSE,FALSE,https://drive.google.com/file/d/1emx2RyhkJslchhSJdwaZKK55utcvjzZB/view?usp=sharing,,,,,,,,,,Lantern Social advert: outsourcing social media marketing for small businesses,,,,,,,,,,,,,,,,,,,,,,,,,POST,,,,,,,,,,,,,POST,,,,,,,,,,,,,,,,,,,,,,,,,,,,,,,,,
Build a thriving digital community around your products: https://lanternsocial.co.uk,2026-10-14,13:00:00,FALSE,TRUE,FALSE,TRUE,FALSE,TRUE,FALSE,FALSE,FALSE,FALSE,FALSE,https://drive.google.com/file/d/1I682EaeJtipORRa0yZ9_LPko3ZAIw3pU/view?usp=sharing,,,,,,,,,,Lantern Social advert: engagement social media marketing for small businesses,,,,,,,,,,,,,,,,,,,,,,,,,POST,,,,,,,,,,,,,POST,,,,,,,,,,,,,,,,,,,,,,,,,,,,,,,,,
Struggling to grow your organic reach? We craft campaigns that get noticed: https://lanternsocial.co.uk,2026-10-15,09:00:00,FALSE,TRUE,FALSE,TRUE,FALSE,TRUE,FALSE,FALSE,FALSE,FALSE,FALSE,https://drive.google.com/file/d/1Rcl4qn9IviiMmVq5hBsK_EVkdIJy82k7/view?usp=sharing,,,,,,,,,,Lantern Social advert: strategy social media marketing for small businesses,,,,,,,,,,,,,,,,,,,,,,,,,POST,,,,,,,,,,,,,POST,,,,,,,,,,,,,,,,,,,,,,,,,,,,,,,,,
Struggling to express your brand message? We can help: https://lanternsocial.co.uk,2026-10-15,13:00:00,FALSE,TRUE,FALSE,TRUE,FALSE,TRUE,FALSE,FALSE,FALSE,FALSE,FALSE,https://drive.google.com/file/d/1glNdRHn_WsCsRe-hXwnFiz-8_aFQ4Yi4/view?usp=sharing,,,,,,,,,,Lantern Social advert: content social media marketing for small businesses,,,,,,,,,,,,,,,,,,,,,,,,,POST,,,,,,,,,,,,,POST,,,,,,,,,,,,,,,,,,,,,,,,,,,,,,,,,
Transform raw ideas into high-converting social graphics: https://lanternsocial.co.uk,2026-10-16,09:00:00,FALSE,TRUE,FALSE,TRUE,FALSE,TRUE,FALSE,FALSE,FALSE,FALSE,FALSE,https://drive.google.com/file/d/1qmLXoSiJMZBGfh5Var45D1c4elFNgQYm/view?usp=sharing,,,,,,,,,,Lantern Social advert: content social media marketing for small businesses,,,,,,,,,,,,,,,,,,,,,,,,,POST,,,,,,,,,,,,,POST,,,,,,,,,,,,,,,,,,,,,,,,,,,,,,,,,
Engaging content keeps customers coming back for more: https://lanternsocial.co.uk,2026-10-16,13:00:00,FALSE,TRUE,FALSE,TRUE,FALSE,TRUE,FALSE,FALSE,FALSE,FALSE,FALSE,https://drive.google.com/file/d/1_pH6kU_bNB2VQsL29Fb3hM7FLzb6fdOJ/view?usp=sharing,,,,,,,,,,Lantern Social advert: engagement social media marketing for small businesses,,,,,,,,,,,,,,,,,,,,,,,,,POST,,,,,,,,,,,,,POST,,,,,,,,,,,,,,,,,,,,,,,,,,,,,,,,,
Captions that hook readers and drive actionable clicks: https://lanternsocial.co.uk,2026-10-17,09:00:00,FALSE,TRUE,FALSE,TRUE,FALSE,TRUE,FALSE,FALSE,FALSE,FALSE,FALSE,https://drive.google.com/file/d/1oY7ycOOPCt2BZlz6oMCBpm6IPfCMX9a2/view?usp=sharing,,,,,,,,,,Lantern Social advert: content social media marketing for small businesses,,,,,,,,,,,,,,,,,,,,,,,,,POST,,,,,,,,,,,,,POST,,,,,,,,,,,,,,,,,,,,,,,,,,,,,,,,,
Social media is meant to be social. Spark real conversations: https://lanternsocial.co.uk,2026-10-17,13:00:00,FALSE,TRUE,FALSE,TRUE,FALSE,TRUE,FALSE,FALSE,FALSE,FALSE,FALSE,https://drive.google.com/file/d/1P6o15GAH3StOl9KiNycsrxzs3DCML22Z/view?usp=sharing,,,,,,,,,,Lantern Social advert: engagement social media marketing for small businesses,,,,,,,,,,,,,,,,,,,,,,,,,POST,,,,,,,,,,,,,POST,,,,,,,,,,,,,,,,,,,,,,,,,,,,,,,,,
Take content off your to-do list for good! Visit https://lanternsocial.co.uk,2026-10-18,09:00:00,FALSE,TRUE,FALSE,TRUE,FALSE,TRUE,FALSE,FALSE,FALSE,FALSE,FALSE,https://drive.google.com/file/d/1lIzVvlTrtDhpPV_PetgXVB5gJzWv_CPa/view?usp=sharing,,,,,,,,,,Lantern Social advert: outsourcing social media marketing for small businesses,,,,,,,,,,,,,,,,,,,,,,,,,POST,,,,,,,,,,,,,POST,,,,,,,,,,,,,,,,,,,,,,,,,,,,,,,,,
Your brand deserves a strong digital voice. Let us amplify it! https://lanternsocial.co.uk,2026-10-18,13:00:00,FALSE,TRUE,FALSE,TRUE,FALSE,TRUE,FALSE,FALSE,FALSE,FALSE,FALSE,https://drive.google.com/file/d/1ptUk91hsVufLU9vWGcU3tC0lKGSY5guJ/view?usp=sharing,,,,,,,,,,Lantern Social advert: strategy social media marketing for small businesses,,,,,,,,,,,,,,,,,,,,,,,,,POST,,,,,,,,,,,,,POST,,,,,,,,,,,,,,,,,,,,,,,,,,,,,,,,,
"More freedom for you, better results for your business: https://lanternsocial.co.uk",2026-10-19,09:00:00,FALSE,TRUE,FALSE,TRUE,FALSE,TRUE,FALSE,FALSE,FALSE,FALSE,FALSE,https://drive.google.com/file/d/15IaTmDZDAYgoMghUsGFilea6N2hiqowG/view?usp=sharing,,,,,,,,,,Lantern Social advert: outsourcing social media marketing for small businesses,,,,,,,,,,,,,,,,,,,,,,,,,POST,,,,,,,,,,,,,POST,,,,,,,,,,,,,,,,,,,,,,,,,,,,,,,,,
Turn likes into real leads with tailored social media marketing: https://lanternsocial.co.uk,2026-10-19,13:00:00,FALSE,TRUE,FALSE,TRUE,FALSE,TRUE,FALSE,FALSE,FALSE,FALSE,FALSE,https://drive.google.com/file/d/1xR3K1dTvRzkm74lul7lQ5Ort_HTMVPFL/view?usp=sharing,,,,,,,,,,Lantern Social advert: strategy social media marketing for small businesses,,,,,,,,,,,,,,,,,,,,,,,,,POST,,,,,,,,,,,,,POST,,,,,,,,,,,,,,,,,,,,,,,,,,,,,,,,,
Get predictable leads from your social channels every month: https://lanternsocial.co.uk,2026-10-20,09:00:00,FALSE,TRUE,FALSE,TRUE,FALSE,TRUE,FALSE,FALSE,FALSE,FALSE,FALSE,https://drive.google.com/file/d/17XGOrzCyk_VLqrM6QEbP3_0q1Lod53c7/view?usp=sharing,,,,,,,,,,Lantern Social advert: growth social media marketing for small businesses,,,,,,,,,,,,,,,,,,,,,,,,,POST,,,,,,,,,,,,,POST,,,,,,,,,,,,,,,,,,,,,,,,,,,,,,,,,
Put your social channels on autopilot today: https://lanternsocial.co.uk,2026-10-20,13:00:00,FALSE,TRUE,FALSE,TRUE,FALSE,TRUE,FALSE,FALSE,FALSE,FALSE,FALSE,https://drive.google.com/file/d/1Jn3nJ1TvXOM4VTIdxgTUFlaYkCoCKPWk/view?usp=sharing,,,,,,,,,,Lantern Social advert: outsourcing social media marketing for small businesses,,,,,,,,,,,,,,,,,,,,,,,,,POST,,,,,,,,,,,,,POST,,,,,,,,,,,,,,,,,,,,,,,,,,,,,,,,,
Engagement drives algorithms! Boost your interactions today: https://lanternsocial.co.uk,2026-10-21,09:00:00,FALSE,TRUE,FALSE,TRUE,FALSE,TRUE,FALSE,FALSE,FALSE,FALSE,FALSE,https://drive.google.com/file/d/1ds4uPO-UPALgIsunXfDuVrZTTMRWsACP/view?usp=sharing,,,,,,,,,,Lantern Social advert: engagement social media marketing for small businesses,,,,,,,,,,,,,,,,,,,,,,,,,POST,,,,,,,,,,,,,POST,,,,,,,,,,,,,,,,,,,,,,,,,,,,,,,,,
Smarter strategy means higher ROI. Learn how we scale small businesses: https://lanternsocial.co.uk,2026-10-21,13:00:00,FALSE,TRUE,FALSE,TRUE,FALSE,TRUE,FALSE,FALSE,FALSE,FALSE,FALSE,https://drive.google.com/file/d/1JeBjNBaMNL-zATwwfAaDnxibTLNh_dIg/view?usp=sharing,,,,,,,,,,Lantern Social advert: strategy social media marketing for small businesses,,,,,,,,,,,,,,,,,,,,,,,,,POST,,,,,,,,,,,,,POST,,,,,,,,,,,,,,,,,,,,,,,,,,,,,,,,,
Ready to simplify your digital marketing workflow? https://lanternsocial.co.uk,2026-10-22,09:00:00,FALSE,TRUE,FALSE,TRUE,FALSE,TRUE,FALSE,FALSE,FALSE,FALSE,FALSE,https://drive.google.com/file/d/13MJwwZd6Z9Wf0K5HbI_2vu8HPAAdNNgL/view?usp=sharing,,,,,,,,,,Lantern Social advert: outsourcing social media marketing for small businesses,,,,,,,,,,,,,,,,,,,,,,,,,POST,,,,,,,,,,,,,POST,,,,,,,,,,,,,,,,,,,,,,,,,,,,,,,,,
Want to turn followers into loyal customers? Master your strategy with expert tips from https://lanternsocial.co.uk,2026-10-22,13:00:00,FALSE,TRUE,FALSE,TRUE,FALSE,TRUE,FALSE,FALSE,FALSE,FALSE,FALSE,https://drive.google.com/file/d/1mneNeYIxTyu_4B5hLnN-k6d32TYnooKx/view?usp=sharing,,,,,,,,,,Lantern Social advert: strategy social media marketing for small businesses,,,,,,,,,,,,,,,,,,,,,,,,,POST,,,,,,,,,,,,,POST,,,,,,,,,,,,,,,,,,,,,,,,,,,,,,,,,
Connect authentically with target buyers in your market: https://lanternsocial.co.uk,2026-10-23,09:00:00,FALSE,TRUE,FALSE,TRUE,FALSE,TRUE,FALSE,FALSE,FALSE,FALSE,FALSE,https://drive.google.com/file/d/1U9dhoGQot7muosyymvPXakSyXqqQ64YU/view?usp=sharing,,,,,,,,,,Lantern Social advert: engagement social media marketing for small businesses,,,,,,,,,,,,,,,,,,,,,,,,,POST,,,,,,,,,,,,,POST,,,,,,,,,,,,,,,,,,,,,,,,,,,,,,,,,
Ready to turn your social platforms into sales engines? https://lanternsocial.co.uk,2026-10-23,13:00:00,FALSE,TRUE,FALSE,TRUE,FALSE,TRUE,FALSE,FALSE,FALSE,FALSE,FALSE,https://drive.google.com/file/d/1Dx3o_36K8orMcTngXxCxfRrOHNfEE5JS/view?usp=sharing,,,,,,,,,,Lantern Social advert: growth social media marketing for small businesses,,,,,,,,,,,,,,,,,,,,,,,,,POST,,,,,,,,,,,,,POST,,,,,,,,,,,,,,,,,,,,,,,,,,,,,,,,,
Ready for a complete social media makeover? Visit https://lanternsocial.co.uk,2026-10-24,09:00:00,FALSE,TRUE,FALSE,TRUE,FALSE,TRUE,FALSE,FALSE,FALSE,FALSE,FALSE,https://drive.google.com/file/d/1Shr-6zsTrIiw0VSWxbSTvQYIi74RNY4Z/view?usp=sharing,,,,,,,,,,Lantern Social advert: strategy social media marketing for small businesses,,,,,,,,,,,,,,,,,,,,,,,,,POST,,,,,,,,,,,,,POST,,,,,,,,,,,,,,,,,,,,,,,,,,,,,,,,,
"Grow your audience, increase sales, and build authority: https://lanternsocial.co.uk",2026-10-24,13:00:00,FALSE,TRUE,FALSE,TRUE,FALSE,TRUE,FALSE,FALSE,FALSE,FALSE,FALSE,https://drive.google.com/file/d/1scWQrC4bQB7hoGLBLXOeuqDXcHrE2G9x/view?usp=sharing,,,,,,,,,,Lantern Social advert: growth social media marketing for small businesses,,,,,,,,,,,,,,,,,,,,,,,,,POST,,,,,,,,,,,,,POST,,,,,,,,,,,,,,,,,,,,,,,,,,,,,,,,,
"Give your social channels a clean, polished visual reboot: https://lanternsocial.co.uk",2026-10-25,09:00:00,FALSE,TRUE,FALSE,TRUE,FALSE,TRUE,FALSE,FALSE,FALSE,FALSE,FALSE,https://drive.google.com/file/d/1R-z0hsueJbW18SHiJjohU_JjfJ6-9uEQ/view?usp=sharing,,,,,,,,,,Lantern Social advert: content social media marketing for small businesses,,,,,,,,,,,,,,,,,,,,,,,,,POST,,,,,,,,,,,,,POST,,,,,,,,,,,,,,,,,,,,,,,,,,,,,,,,,
Smart marketing tactics designed for modern businesses: https://lanternsocial.co.uk,2026-10-25,13:00:00,FALSE,TRUE,FALSE,TRUE,FALSE,TRUE,FALSE,FALSE,FALSE,FALSE,FALSE,https://drive.google.com/file/d/1_9q12O8O1yrEYkU2nUQgXKv-dTPIKrmp/view?usp=sharing,,,,,,,,,,Lantern Social advert: growth social media marketing for small businesses,,,,,,,,,,,,,,,,,,,,,,,,,POST,,,,,,,,,,,,,POST,,,,,,,,,,,,,,,,,,,,,,,,,,,,,,,,,
"Is your social content generating leads? If not, check out https://lanternsocial.co.uk",2026-10-26,09:00:00,FALSE,TRUE,FALSE,TRUE,FALSE,TRUE,FALSE,FALSE,FALSE,FALSE,FALSE,https://drive.google.com/file/d/1bm6739sz3prdSB8OxuGf0x6pnHrBJB2g/view?usp=sharing,,,,,,,,,,Lantern Social advert: strategy social media marketing for small businesses,,,,,,,,,,,,,,,,,,,,,,,,,POST,,,,,,,,,,,,,POST,,,,,,,,,,,,,,,,,,,,,,,,,,,,,,,,,
Storytelling is the secret to brand loyalty. Learn more at https://lanternsocial.co.uk,2026-10-26,13:00:00,FALSE,TRUE,FALSE,TRUE,FALSE,TRUE,FALSE,FALSE,FALSE,FALSE,FALSE,https://drive.google.com/file/d/1-a9LW-jDzgG6GXhduaIEc87b2dhErNp-/view?usp=sharing,,,,,,,,,,Lantern Social advert: content social media marketing for small businesses,,,,,,,,,,,,,,,,,,,,,,,,,POST,,,,,,,,,,,,,POST,,,,,,,,,,,,,,,,,,,,,,,,,,,,,,,,,
"Want real comments, shares, and connections? Let's connect: https://lanternsocial.co.uk",2026-10-27,09:00:00,FALSE,TRUE,FALSE,TRUE,FALSE,TRUE,FALSE,FALSE,FALSE,FALSE,FALSE,https://drive.google.com/file/d/1q5r4rSKLyS4kLrWUshdP25mwF9srScK2/view?usp=sharing,,,,,,,,,,Lantern Social advert: engagement social media marketing for small businesses,,,,,,,,,,,,,,,,,,,,,,,,,POST,,,,,,,,,,,,,POST,,,,,,,,,,,,,,,,,,,,,,,,,,,,,,,,,
Make your brand unforgettable across all major platforms: https://lanternsocial.co.uk,2026-10-27,13:00:00,FALSE,TRUE,FALSE,TRUE,FALSE,TRUE,FALSE,FALSE,FALSE,FALSE,FALSE,https://drive.google.com/file/d/1ntsVV51AliSdgvRILdGQw588XVAxH_yX/view?usp=sharing,,,,,,,,,,Lantern Social advert: content social media marketing for small businesses,,,,,,,,,,,,,,,,,,,,,,,,,POST,,,,,,,,,,,,,POST,,,,,,,,,,,,,,,,,,,,,,,,,,,,,,,,,
Learn how to active your silent followers with great copy: https://lanternsocial.co.uk,2026-10-28,09:00:00,FALSE,TRUE,FALSE,TRUE,FALSE,TRUE,FALSE,FALSE,FALSE,FALSE,FALSE,https://drive.google.com/file/d/1FxRmMAB2pUQCoRZLBFME3UiouzVaVF1h/view?usp=sharing,,,,,,,,,,Lantern Social advert: engagement social media marketing for small businesses,,,,,,,,,,,,,,,,,,,,,,,,,POST,,,,,,,,,,,,,POST,,,,,,,,,,,,,,,,,,,,,,,,,,,,,,,,,
"Engaging carousels, reels, and posts created for you: https://lanternsocial.co.uk",2026-10-28,13:00:00,FALSE,TRUE,FALSE,TRUE,FALSE,TRUE,FALSE,FALSE,FALSE,FALSE,FALSE,https://drive.google.com/file/d/1BPeNOnsodB4POrFpHuFzPCYZxWoSA5bD/view?usp=sharing,,,,,,,,,,Lantern Social advert: content social media marketing for small businesses,,,,,,,,,,,,,,,,,,,,,,,,,POST,,,,,,,,,,,,,POST,,,,,,,,,,,,,,,,,,,,,,,,,,,,,,,,,
Ready to take your business to the next level? Visit https://lanternsocial.co.uk,2026-10-29,09:00:00,FALSE,TRUE,FALSE,TRUE,FALSE,TRUE,FALSE,FALSE,FALSE,FALSE,FALSE,https://drive.google.com/file/d/1D7Ty9fTvE-gdZLief3J4o2dZ8Ve4DuKP/view?usp=sharing,,,,,,,,,,Lantern Social advert: growth social media marketing for small businesses,,,,,,,,,,,,,,,,,,,,,,,,,POST,,,,,,,,,,,,,POST,,,,,,,,,,,,,,,,,,,,,,,,,,,,,,,,,
"Build brand trust with authentic, strategic content creation: https://lanternsocial.co.uk",2026-10-29,13:00:00,FALSE,TRUE,FALSE,TRUE,FALSE,TRUE,FALSE,FALSE,FALSE,FALSE,FALSE,https://drive.google.com/file/d/1rESJyA13xX5bSk_4gRoBIG7ksSWNZFSG/view?usp=sharing,,,,,,,,,,Lantern Social advert: strategy social media marketing for small businesses,,,,,,,,,,,,,,,,,,,,,,,,,POST,,,,,,,,,,,,,POST,,,,,,,,,,,,,,,,,,,,,,,,,,,,,,,,,
Boost customer trust with consistent online interaction: https://lanternsocial.co.uk,2026-10-30,09:00:00,FALSE,TRUE,FALSE,TRUE,FALSE,TRUE,FALSE,FALSE,FALSE,FALSE,FALSE,https://drive.google.com/file/d/1F8SVVl8Xy8ry_WzuSzZUnVAPBOIa6rdK/view?usp=sharing,,,,,,,,,,Lantern Social advert: engagement social media marketing for small businesses,,,,,,,,,,,,,,,,,,,,,,,,,POST,,,,,,,,,,,,,POST,,,,,,,,,,,,,,,,,,,,,,,,,,,,,,,,,
"Smarter visuals, better messaging, higher conversion: https://lanternsocial.co.uk",2026-10-30,13:00:00,FALSE,TRUE,FALSE,TRUE,FALSE,TRUE,FALSE,FALSE,FALSE,FALSE,FALSE,https://drive.google.com/file/d/1ovXMPfMRBVBwEwQjKRTMn9ujU6s5Rcqr/view?usp=sharing,,,,,,,,,,Lantern Social advert: content social media marketing for small businesses,,,,,,,,,,,,,,,,,,,,,,,,,POST,,,,,,,,,,,,,POST,,,,,,,,,,,,,,,,,,,,,,,,,,,,,,,,,
Drive direct website traffic with strategic social campaigns: https://lanternsocial.co.uk,2026-10-31,09:00:00,FALSE,TRUE,FALSE,TRUE,FALSE,TRUE,FALSE,FALSE,FALSE,FALSE,FALSE,https://drive.google.com/file/d/1ypcD_9RLQcj9RzMkgbJpjAwK6XBXwSS7/view?usp=sharing,,,,,,,,,,Lantern Social advert: growth social media marketing for small businesses,,,,,,,,,,,,,,,,,,,,,,,,,POST,,,,,,,,,,,,,POST,,,,,,,,,,,,,,,,,,,,,,,,,,,,,,,,,
Keep your brand top-of-mind with daily high-value posts: https://lanternsocial.co.uk,2026-10-31,13:00:00,FALSE,TRUE,FALSE,TRUE,FALSE,TRUE,FALSE,FALSE,FALSE,FALSE,FALSE,https://drive.google.com/file/d/1rEjfjcIlEarLOMXf7ee-FV7ITgTJeRMz/view?usp=sharing,,,,,,,,,,Lantern Social advert: content social media marketing for small businesses,,,,,,,,,,,,,,,,,,,,,,,,,POST,,,,,,,,,,,,,POST,,,,,,,,,,,,,,,,,,,,,,,,,,,,,,,,,
Create content people actually want to share with friends: https://lanternsocial.co.uk,2026-11-01,09:00:00,FALSE,TRUE,FALSE,TRUE,FALSE,TRUE,FALSE,FALSE,FALSE,FALSE,FALSE,https://drive.google.com/file/d/1qtaE50i4PrME6wSuBcXfT5tNAn4Ytdhq/view?usp=sharing,,,,,,,,,,Lantern Social advert: engagement social media marketing for small businesses,,,,,,,,,,,,,,,,,,,,,,,,,POST,,,,,,,,,,,,,POST,,,,,,,,,,,,,,,,,,,,,,,,,,,,,,,,,
Is your social media bringing in new customers? Learn more: https://lanternsocial.co.uk,2026-11-01,13:00:00,FALSE,TRUE,FALSE,TRUE,FALSE,TRUE,FALSE,FALSE,FALSE,FALSE,FALSE,https://drive.google.com/file/d/1ZFoTAnDpk_5V2zPen-NsXvIeI0mBhZ1y/view?usp=sharing,,,,,,,,,,Lantern Social advert: growth social media marketing for small businesses,,,,,,,,,,,,,,,,,,,,,,,,,POST,,,,,,,,,,,,,POST,,,,,,,,,,,,,,,,,,,,,,,,,,,,,,,,,
Boost your aesthetic with professional brand design: https://lanternsocial.co.uk,2026-11-02,09:00:00,FALSE,TRUE,FALSE,TRUE,FALSE,TRUE,FALSE,FALSE,FALSE,FALSE,FALSE,https://drive.google.com/file/d/1Ct3p5ffka89SV52xG5Aywk-oX7WTHh5x/view?usp=sharing,,,,,,,,,,Lantern Social advert: content social media marketing for small businesses,,,,,,,,,,,,,,,,,,,,,,,,,POST,,,,,,,,,,,,,POST,,,,,,,,,,,,,,,,,,,,,,,,,,,,,,,,,
Higher engagement leads to direct revenue growth: https://lanternsocial.co.uk,2026-11-02,13:00:00,FALSE,TRUE,FALSE,TRUE,FALSE,TRUE,FALSE,FALSE,FALSE,FALSE,FALSE,https://drive.google.com/file/d/1qtSVKMHlAf97qFi5DkXSOzcsqj8TWDL8/view?usp=sharing,,,,,,,,,,Lantern Social advert: engagement social media marketing for small businesses,,,,,,,,,,,,,,,,,,,,,,,,,POST,,,,,,,,,,,,,POST,,,,,,,,,,,,,,,,,,,,,,,,,,,,,,,,,
Turn casual followers into lifelong brand advocates: https://lanternsocial.co.uk,2026-11-03,09:00:00,FALSE,TRUE,FALSE,TRUE,FALSE,TRUE,FALSE,FALSE,FALSE,FALSE,FALSE,https://drive.google.com/file/d/1o0CnkZxFEyTAvDSVnbE2d1jE0MgFalzf/view?usp=sharing,,,,,,,,,,Lantern Social advert: engagement social media marketing for small businesses,,,,,,,,,,,,,,,,,,,,,,,,,POST,,,,,,,,,,,,,POST,,,,,,,,,,,,,,,,,,,,,,,,,,,,,,,,,
Stop stressing about daily posting schedules. We got you! https://lanternsocial.co.uk,2026-11-03,13:00:00,FALSE,TRUE,FALSE,TRUE,FALSE,TRUE,FALSE,FALSE,FALSE,FALSE,FALSE,https://drive.google.com/file/d/1_dDu05M98RmT-ET2zM7_XKB0em7_pOfU/view?usp=sharing,,,,,,,,,,Lantern Social advert: outsourcing social media marketing for small businesses,,,,,,,,,,,,,,,,,,,,,,,,,POST,,,,,,,,,,,,,POST,,,,,,,,,,,,,,,,,,,,,,,,,,,,,,,,,
Stop guessing what to post! Get a proven social media strategy today: https://lanternsocial.co.uk,2026-11-04,09:00:00,FALSE,TRUE,FALSE,TRUE,FALSE,TRUE,FALSE,FALSE,FALSE,FALSE,FALSE,https://drive.google.com/file/d/1_0NnOgXpy-2EhRuveCsZ4ZqSXyBk0VGI/view?usp=sharing,,,,,,,,,,Lantern Social advert: strategy social media marketing for small businesses,,,,,,,,,,,,,,,,,,,,,,,,,POST,,,,,,,,,,,,,POST,,,,,,,,,,,,,,,,,,,,,,,,,,,,,,,,,
Stress-free marketing solutions designed for small businesses: https://lanternsocial.co.uk,2026-11-04,13:00:00,FALSE,TRUE,FALSE,TRUE,FALSE,TRUE,FALSE,FALSE,FALSE,FALSE,FALSE,https://drive.google.com/file/d/1YcEUAiG0y34xoS7Wo7zhqBco7DdNPF53/view?usp=sharing,,,,,,,,,,Lantern Social advert: outsourcing social media marketing for small businesses,,,,,,,,,,,,,,,,,,,,,,,,,POST,,,,,,,,,,,,,POST,,,,,,,,,,,,,,,,,,,,,,,,,,,,,,,,,
Reach thousands of potential clients in your niche: https://lanternsocial.co.uk,2026-11-05,09:00:00,FALSE,TRUE,FALSE,TRUE,FALSE,TRUE,FALSE,FALSE,FALSE,FALSE,FALSE,https://drive.google.com/file/d/1dfHErWWzZHVmKY0bi4HTDwPDt2Wb-RvA/view?usp=sharing,,,,,,,,,,Lantern Social advert: growth social media marketing for small businesses,,,,,,,,,,,,,,,,,,,,,,,,,POST,,,,,,,,,,,,,POST,,,,,,,,,,,,,,,,,,,,,,,,,,,,,,,,,
Elevate your visual storytelling today at https://lanternsocial.co.uk,2026-11-05,13:00:00,FALSE,TRUE,FALSE,TRUE,FALSE,TRUE,FALSE,FALSE,FALSE,FALSE,FALSE,https://drive.google.com/file/d/1fHoJ94HmV2QIJYG7HfjsXG-GG8jcCZX8/view?usp=sharing,,,,,,,,,,Lantern Social advert: content social media marketing for small businesses,,,,,,,,,,,,,,,,,,,,,,,,,POST,,,,,,,,,,,,,POST,,,,,,,,,,,,,,,,,,,,,,,,,,,,,,,,,
Consistency is key on social media. Let us build your custom content roadmap: https://lanternsocial.co.uk,2026-11-06,09:00:00,FALSE,TRUE,FALSE,TRUE,FALSE,TRUE,FALSE,FALSE,FALSE,FALSE,FALSE,https://drive.google.com/file/d/1gu6pQcAB9dJXoik_fGZoXXJmi-is3IkV/view?usp=sharing,,,,,,,,,,Lantern Social advert: strategy social media marketing for small businesses,,,,,,,,,,,,,,,,,,,,,,,,,POST,,,,,,,,,,,,,POST,,,,,,,,,,,,,,,,,,,,,,,,,,,,,,,,,
Get your audience talking about your latest offerings: https://lanternsocial.co.uk,2026-11-06,13:00:00,FALSE,TRUE,FALSE,TRUE,FALSE,TRUE,FALSE,FALSE,FALSE,FALSE,FALSE,https://drive.google.com/file/d/1a0UfRDXskJhHjdy5eW3h6E94OLL-2LP4/view?usp=sharing,,,,,,,,,,Lantern Social advert: engagement social media marketing for small businesses,,,,,,,,,,,,,,,,,,,,,,,,,POST,,,,,,,,,,,,,POST,,,,,,,,,,,,,,,,,,,,,,,,,,,,,,,,,
"We craft relatable, engaging content tailored to your audience: https://lanternsocial.co.uk",2026-11-07,09:00:00,FALSE,TRUE,FALSE,TRUE,FALSE,TRUE,FALSE,FALSE,FALSE,FALSE,FALSE,https://drive.google.com/file/d/1DkzFTmLkUDkewKc2j4IFYm2yCxqqpkgD/view?usp=sharing,,,,,,,,,,Lantern Social advert: content social media marketing for small businesses,,,,,,,,,,,,,,,,,,,,,,,,,POST,,,,,,,,,,,,,POST,,,,,,,,,,,,,,,,,,,,,,,,,,,,,,,,,
Reclaim your evenings! Professional social media management: https://lanternsocial.co.uk,2026-11-07,13:00:00,FALSE,TRUE,FALSE,TRUE,FALSE,TRUE,FALSE,FALSE,FALSE,FALSE,FALSE,https://drive.google.com/file/d/16aP8aaa5pFf-YASku_5ZSIRbcy3Uz_Ae/view?usp=sharing,,,,,,,,,,Lantern Social advert: outsourcing social media marketing for small businesses,,,,,,,,,,,,,,,,,,,,,,,,,POST,,,,,,,,,,,,,POST,,,,,,,,,,,,,,,,,,,,,,,,,,,,,,,,,
Hassle-free social media management for growing brands: https://lanternsocial.co.uk,2026-11-08,09:00:00,FALSE,TRUE,FALSE,TRUE,FALSE,TRUE,FALSE,FALSE,FALSE,FALSE,FALSE,https://drive.google.com/file/d/1kbliven0puTfU35W0hitxYWjaPR3E9a-/view?usp=sharing,,,,,,,,,,Lantern Social advert: outsourcing social media marketing for small businesses,,,,,,,,,,,,,,,,,,,,,,,,,POST,,,,,,,,,,,,,POST,,,,,,,,,,,,,,,,,,,,,,,,,,,,,,,,,
Nurture customer relationships directly in your inbox & feed: https://lanternsocial.co.uk,2026-11-08,13:00:00,FALSE,TRUE,FALSE,TRUE,FALSE,TRUE,FALSE,FALSE,FALSE,FALSE,FALSE,https://drive.google.com/file/d/1mveMCfF4lrJOhszKWKbjoZsltKlgyPGH/view?usp=sharing,,,,,,,,,,Lantern Social advert: engagement social media marketing for small businesses,,,,,,,,,,,,,,,,,,,,,,,,,POST,,,,,,,,,,,,,POST,,,,,,,,,,,,,,,,,,,,,,,,,,,,,,,,,
Running a business leaves no time for posting? Outsource to https://lanternsocial.co.uk,2026-11-09,09:00:00,FALSE,TRUE,FALSE,TRUE,FALSE,TRUE,FALSE,FALSE,FALSE,FALSE,FALSE,https://drive.google.com/file/d/1FUauITelWkCd2xnogoYf-uOWFTJNleQ2/view?usp=sharing,,,,,,,,,,Lantern Social advert: outsourcing social media marketing for small businesses,,,,,,,,,,,,,,,,,,,,,,,,,POST,,,,,,,,,,,,,POST,,,,,,,,,,,,,,,,,,,,,,,,,,,,,,,,,
Maximize your reach without spending hours on content: https://lanternsocial.co.uk,2026-11-09,13:00:00,FALSE,TRUE,FALSE,TRUE,FALSE,TRUE,FALSE,FALSE,FALSE,FALSE,FALSE,https://drive.google.com/file/d/1pNXi4dUb7uPzwuJBvBpKtpGHKimh3zEj/view?usp=sharing,,,,,,,,,,Lantern Social advert: strategy social media marketing for small businesses,,,,,,,,,,,,,,,,,,,,,,,,,POST,,,,,,,,,,,,,POST,,,,,,,,,,,,,,,,,,,,,,,,,,,,,,,,,
Content that builds authentic connections with customers: https://lanternsocial.co.uk,2026-11-10,09:00:00,FALSE,TRUE,FALSE,TRUE,FALSE,TRUE,FALSE,FALSE,FALSE,FALSE,FALSE,https://drive.google.com/file/d/1KH-7mcCCBxMYEnjZUxz4g4PRkY54p7m3/view?usp=sharing,,,,,,,,,,Lantern Social advert: content social media marketing for small businesses,,,,,,,,,,,,,,,,,,,,,,,,,POST,,,,,,,,,,,,,POST,,,,,,,,,,,,,,,,,,,,,,,,,,,,,,,,,
"Work smarter, not harder. Let us manage your digital footprint: https://lanternsocial.co.uk",2026-11-10,13:00:00,FALSE,TRUE,FALSE,TRUE,FALSE,TRUE,FALSE,FALSE,FALSE,FALSE,FALSE,https://drive.google.com/file/d/1V2dQfNlrdjwULVpFpfTNkaUybmCqHV0y/view?usp=sharing,,,,,,,,,,Lantern Social advert: outsourcing social media marketing for small businesses,,,,,,,,,,,,,,,,,,,,,,,,,POST,,,,,,,,,,,,,POST,,,,,,,,,,,,,,,,,,,,,,,,,,,,,,,,,
Supercharge your business growth with expert social help: https://lanternsocial.co.uk,2026-11-11,09:00:00,FALSE,TRUE,FALSE,TRUE,FALSE,TRUE,FALSE,FALSE,FALSE,FALSE,FALSE,https://drive.google.com/file/d/1Z7Ixoc8_YKc5ltRT-WxCH4RrAts5GhJ7/view?usp=sharing,,,,,,,,,,Lantern Social advert: growth social media marketing for small businesses,,,,,,,,,,,,,,,,,,,,,,,,,POST,,,,,,,,,,,,,POST,,,,,,,,,,,,,,,,,,,,,,,,,,,,,,,,,
Stop posting blindly. Get actionable social media insights at https://lanternsocial.co.uk,2026-11-11,13:00:00,FALSE,TRUE,FALSE,TRUE,FALSE,TRUE,FALSE,FALSE,FALSE,FALSE,FALSE,https://drive.google.com/file/d/1ODoWvfm7Ftrqzs-HlYVTY-KLW1F40rMb/view?usp=sharing,,,,,,,,,,Lantern Social advert: strategy social media marketing for small businesses,,,,,,,,,,,,,,,,,,,,,,,,,POST,,,,,,,,,,,,,POST,,,,,,,,,,,,,,,,,,,,,,,,,,,,,,,,,
High-quality social graphics that stop the scroll instantly: https://lanternsocial.co.uk,2026-11-12,09:00:00,FALSE,TRUE,FALSE,TRUE,FALSE,TRUE,FALSE,FALSE,FALSE,FALSE,FALSE,https://drive.google.com/file/d/1BSGrzPXz8HeD8U-fkJKjNWdKHIkVaCvy/view?usp=sharing,,,,,,,,,,Lantern Social advert: content social media marketing for small businesses,,,,,,,,,,,,,,,,,,,,,,,,,POST,,,,,,,,,,,,,POST,,,,,,,,,,,,,,,,,,,,,,,,,,,,,,,,,
Turn your social media channels into a profit center today! https://lanternsocial.co.uk,2026-11-12,13:00:00,FALSE,TRUE,FALSE,TRUE,FALSE,TRUE,FALSE,FALSE,FALSE,FALSE,FALSE,https://drive.google.com/file/d/1oLqAZZBkA8xvfpEzyD9MNJ-XzcvoZ0PG/view?usp=sharing,,,,,,,,,,Lantern Social advert: growth social media marketing for small businesses,,,,,,,,,,,,,,,,,,,,,,,,,POST,,,,,,,,,,,,,POST,,,,,,,,,,,,,,,,,,,,,,,,,,,,,,,,,
Turn social engagement into tangible business results: https://lanternsocial.co.uk,2026-11-13,09:00:00,FALSE,TRUE,FALSE,TRUE,FALSE,TRUE,FALSE,FALSE,FALSE,FALSE,FALSE,https://drive.google.com/file/d/18GSgpZNt6XVNw61t7HpYJuHABoK_gZNC/view?usp=sharing,,,,,,,,,,Lantern Social advert: growth social media marketing for small businesses,,,,,,,,,,,,,,,,,,,,,,,,,POST,,,,,,,,,,,,,POST,,,,,,,,,,,,,,,,,,,,,,,,,,,,,,,,,
Strengthen customer loyalty through strategic content: https://lanternsocial.co.uk,2026-11-13,13:00:00,FALSE,TRUE,FALSE,TRUE,FALSE,TRUE,FALSE,FALSE,FALSE,FALSE,FALSE,https://drive.google.com/file/d/1hzp6uXB7r3OCnQWH9x3f4jaSD8iIiO_7/view?usp=sharing,,,,,,,,,,Lantern Social advert: engagement social media marketing for small businesses,,,,,,,,,,,,,,,,,,,,,,,,,POST,,,,,,,,,,,,,POST,,,,,,,,,,,,,,,,,,,,,,,,,,,,,,,,,
Is your brand standing out in the feed? Elevate your online presence at https://lanternsocial.co.uk,2026-11-14,09:00:00,FALSE,TRUE,FALSE,TRUE,FALSE,TRUE,FALSE,FALSE,FALSE,FALSE,FALSE,https://drive.google.com/file/d/1UipuW0RloMM-_YbLv_-XONw1n3ccqMd5/view?usp=sharing,,,,,,,,,,Lantern Social advert: strategy social media marketing for small businesses,,,,,,,,,,,,,,,,,,,,,,,,,POST,,,,,,,,,,,,,POST,,,,,,,,,,,,,,,,,,,,,,,,,,,,,,,,,
Focus on growing your business while we handle your feeds: https://lanternsocial.co.uk,2026-11-14,13:00:00,FALSE,TRUE,FALSE,TRUE,FALSE,TRUE,FALSE,FALSE,FALSE,FALSE,FALSE,https://drive.google.com/file/d/1Lk0lGoFzcAUGST6brGdE3ag-8YL5ZVVw/view?usp=sharing,,,,,,,,,,Lantern Social advert: outsourcing social media marketing for small businesses,,,,,,,,,,,,,,,,,,,,,,,,,POST,,,,,,,,,,,,,POST,,,,,,,,,,,,,,,,,,,,,,,,,,,,,,,,,
Data-driven marketing that scales your brand effortlessly: https://lanternsocial.co.uk,2026-11-15,09:00:00,FALSE,TRUE,FALSE,TRUE,FALSE,TRUE,FALSE,FALSE,FALSE,FALSE,FALSE,https://drive.google.com/file/d/1HX1b1QZNdDfH9jYY3zQoExxbLhcc7bkN/view?usp=sharing,,,,,,,,,,Lantern Social advert: strategy social media marketing for small businesses,,,,,,,,,,,,,,,,,,,,,,,,,POST,,,,,,,,,,,,,POST,,,,,,,,,,,,,,,,,,,,,,,,,,,,,,,,,
Let expert managers handle your online presence full-time: https://lanternsocial.co.uk,2026-11-15,13:00:00,FALSE,TRUE,FALSE,TRUE,FALSE,TRUE,FALSE,FALSE,FALSE,FALSE,FALSE,https://drive.google.com/file/d/1HzPBGgPElwxyWZj4IOTJ-fFyuNgIWwAg/view?usp=sharing,,,,,,,,,,Lantern Social advert: outsourcing social media marketing for small businesses,,,,,,,,,,,,,,,,,,,,,,,,,POST,,,,,,,,,,,,,POST,,,,,,,,,,,,,,,,,,,,,,,,,,,,,,,,,
From zero engagement to thriving community—see our strategies: https://lanternsocial.co.uk,2026-11-16,09:00:00,FALSE,TRUE,FALSE,TRUE,FALSE,TRUE,FALSE,FALSE,FALSE,FALSE,FALSE,https://drive.google.com/file/d/1kbGTRkwnGwnpBY8MhEW9Gnuz7wFjJGuM/view?usp=sharing,,,,,,,,,,Lantern Social advert: strategy social media marketing for small businesses,,,,,,,,,,,,,,,,,,,,,,,,,POST,,,,,,,,,,,,,POST,,,,,,,,,,,,,,,,,,,,,,,,,,,,,,,,,
Consistent posting without taking time away from clients: https://lanternsocial.co.uk,2026-11-16,13:00:00,FALSE,TRUE,FALSE,TRUE,FALSE,TRUE,FALSE,FALSE,FALSE,FALSE,FALSE,https://drive.google.com/file/d/1_w6E8940-xsQdFYPmy6Ow6yi4RaphWpo/view?usp=sharing,,,,,,,,,,Lantern Social advert: outsourcing social media marketing for small businesses,,,,,,,,,,,,,,,,,,,,,,,,,POST,,,,,,,,,,,,,POST,,,,,,,,,,,,,,,,,,,,,,,,,,,,,,,,,
